Model,Official_Model_ID,Backbone_Params,Adapter_Params,Total_Params,Parameter_Memory_FP32_MB,Preprocess_Mean_ms,Backbone_Mean_ms,PCA_Adapter_Mean_ms,End_to_End_Mean_ms,End_to_End_Std_ms,FPS,N_Test_Frames,Device,trial,order_in_trial
DINOv3-S/16,facebook/dinov3-vits16-pretrain-lvd1689m,21596544,663300,22259844,84.91456604003906,2.3698599187708975,8.052515037383678,2.164695544504664,12.58707050065924,0.4568500539702502,79.44660355621474,36,mps,1,1
I-JEPA-H/14,facebook/ijepa_vith14_1k,630762240,663300,631425540,2408.697280883789,2.0192523532184876,72.2045230827967,2.065909835639306,76.28968527165449,0.37855148112882203,13.10793191031227,36,mps,1,2
I-JEPA-H/14,facebook/ijepa_vith14_1k,630762240,663300,631425540,2408.697280883789,2.4518635182175785,72.51507978394835,2.115497753644983,77.0824410558109,0.2188354072306538,12.973123143258505,36,mps,2,1
DINOv3-S/16,facebook/dinov3-vits16-pretrain-lvd1689m,21596544,663300,22259844,84.91456604003906,2.769238364029055,7.8548171376395555,2.1329432169699833,12.756998718638593,0.24044508387573876,78.38834368925284,36,mps,2,2
DINOv3-S/16,facebook/dinov3-vits16-pretrain-lvd1689m,21596544,663300,22259844,84.91456604003906,2.6810856135044663,7.868515107677215,2.1305103598731674,12.680111081054848,0.17372176166900888,78.8636624401567,36,mps,3,1
I-JEPA-H/14,facebook/ijepa_vith14_1k,630762240,663300,631425540,2408.697280883789,2.5329467478311725,71.89684025231853,2.0961053669452667,76.52589236709497,0.23854768248550287,13.067472577817147,36,mps,3,2
I-JEPA-H/14,facebook/ijepa_vith14_1k,630762240,663300,631425540,2408.697280883789,2.4486400523326464,71.94895833122752,2.0919515130420527,76.48954989660221,0.3613486107677159,13.073681324465756,36,mps,4,1
DINOv3-S/16,facebook/dinov3-vits16-pretrain-lvd1689m,21596544,663300,22259844,84.91456604003906,2.711737198599925,7.8912825039070515,2.100297472982978,12.703317175489953,0.25972598841990807,78.7195963216144,36,mps,4,2
DINOv3-S/16,facebook/dinov3-vits16-pretrain-lvd1689m,21596544,663300,22259844,84.91456604003906,2.7170220079521337,7.867533445177186,2.155626189455183,12.740181642584503,0.23358766054601932,78.49181652618398,36,mps,5,1
I-JEPA-H/14,facebook/ijepa_vith14_1k,630762240,663300,631425540,2408.697280883789,2.3708356408557543,72.57978236238058,2.182540609889353,77.13315861312569,0.44952594977705346,12.964592893384127,36,mps,5,2
