fold,Model,N,MSE_V2,MAE_V,RMSE_V,R2
1,Physical,12,0.0033501816524676986,0.05007438541061804,0.05788075373099161,0.9940638641678221
1,DINOv3,12,0.0032705067439086576,0.04666778127955521,0.05718834447602639,0.9942050389245027
1,I-JEPA,12,0.003133258788019794,0.04373719970988358,0.05597551954220518,0.9944482264866592
2,Physical,23,0.007315628349419634,0.06593548909867077,0.08553144655283011,0.9874721351601776
2,DINOv3,23,0.007454408938917349,0.0649723948434091,0.08633891902796414,0.9872344762217276
2,I-JEPA,23,0.007150498399472777,0.06469430548595007,0.08456061967294691,0.9877549168427798
3,Physical,16,0.006851661373044303,0.05298657699529355,0.08277476289935419,0.9895372563537214
3,DINOv3,16,0.008292105202220325,0.06124228567762638,0.09106099715147163,0.9873376446535833
3,I-JEPA,16,0.007352430876342296,0.055019485315697364,0.08574631698412648,0.9887725625585064
4,Physical,39,0.02933207998449416,0.09716386908995303,0.1712661086861442,0.9703766386172479
4,DINOv3,39,0.029812787368770726,0.09919293569182148,0.17266379866309767,0.9698911575817636
4,I-JEPA,39,0.029307610057338927,0.09670173988208915,0.17119465545787033,0.970401351542329
5,Physical,38,0.008366661984335647,0.04359195606295667,0.09146945929836717,0.9843826740553789
5,DINOv3,38,0.007845971340002346,0.04398619137797871,0.08857748777201996,0.9853546023493739
5,I-JEPA,38,0.008055845249701949,0.04308660669238646,0.08975436061664051,0.9849628488327161
