Model,fold,frame,target_V,prediction_V
DINOv3,1,frame_176.jpg,2.0710296330830666,2.6915910243988037
DINOv3,1,frame_178.jpg,2.9800495087840804,2.882467031478882
DINOv3,1,frame_179.jpg,5.227184082519465,3.363105535507202
DINOv3,1,frame_180.jpg,3.329080217309251,3.01832914352417
DINOv3,1,frame_184.jpg,3.3823522645315514,3.695333480834961
DINOv3,1,frame_185.jpg,3.395442781324201,3.2841272354125977
DINOv3,1,frame_190.jpg,2.8486480947190764,3.1859049797058105
DINOv3,1,frame_196.jpg,2.70719478759568,2.5765228271484375
DINOv3,1,frame_203.jpg,2.7159334724731745,2.8004860877990723
DINOv3,1,frame_204.jpg,3.548437405217855,2.880527973175049
DINOv3,1,frame_206.jpg,2.5731777712368022,3.1910834312438965
DINOv3,1,frame_207.jpg,2.7529813539392998,2.690549850463867
DINOv3,2,frame_104.jpg,2.7394407927062705,2.347757339477539
DINOv3,2,frame_105.jpg,3.6902339162473883,2.5957746505737305
DINOv3,2,frame_107.jpg,3.367392632594624,2.3865582942962646
DINOv3,2,frame_108.jpg,3.7712262175277598,2.2914671897888184
DINOv3,2,frame_109.jpg,2.5135801619978904,2.3700320720672607
DINOv3,2,frame_110.jpg,2.7501735417096214,2.2313780784606934
DINOv3,2,frame_111.jpg,2.87769029404907,2.346987724304199
DINOv3,2,frame_113.jpg,2.3419326725358487,2.2104666233062744
DINOv3,2,frame_114.jpg,3.6856713431651325,2.248819589614868
DINOv3,2,frame_115.jpg,2.250131622717617,2.2182657718658447
DINOv3,2,frame_116.jpg,5.192529021962337,3.3857123851776123
DINOv3,2,frame_117.jpg,4.9941677736916725,2.3503458499908447
DINOv3,2,frame_124.jpg,3.730399475503532,3.9438886642456055
DINOv3,2,frame_125.jpg,3.002884795279446,2.793639898300171
DINOv3,2,frame_126.jpg,2.738099758323021,2.6235430240631104
DINOv3,2,frame_127.jpg,3.0297153182983365,2.7859723567962646
DINOv3,2,frame_128.jpg,2.5339695383764327,2.4489283561706543
DINOv3,2,frame_129.jpg,4.047439644189523,4.037635326385498
DINOv3,2,frame_131.jpg,3.1091134943203307,2.870701551437378
DINOv3,2,frame_133.jpg,3.3672960399413876,2.951279401779175
DINOv3,2,frame_134.jpg,2.884709212436462,2.732419729232788
DINOv3,2,frame_136.jpg,4.29249881942635,2.3650622367858887
DINOv3,2,frame_138.jpg,3.1848301606263285,2.775927782058716
DINOv3,3,frame_033.jpg,3.385520600718238,3.0265111923217773
DINOv3,3,frame_034.jpg,3.1001844481433727,3.0904452800750732
DINOv3,3,frame_035.jpg,3.1523821312417204,3.0554823875427246
DINOv3,3,frame_036.jpg,3.5999347213276747,3.274385452270508
DINOv3,3,frame_037.jpg,4.05438749901634,3.922516345977783
DINOv3,3,frame_039.jpg,3.95646119498792,3.5650434494018555
DINOv3,3,frame_040.jpg,2.710132851134345,3.2899274826049805
DINOv3,3,frame_042.jpg,4.099799623215051,3.9307808876037598
DINOv3,3,frame_043.jpg,2.8884393326508246,2.747577428817749
DINOv3,3,frame_044.jpg,5.064702116871346,3.571817398071289
DINOv3,3,frame_046.jpg,4.694715605955211,3.8546438217163086
DINOv3,3,frame_051.jpg,5.217415381836662,3.1120705604553223
DINOv3,3,frame_055.jpg,3.3536993157950983,2.6787421703338623
DINOv3,3,frame_061.jpg,3.7012501797483,2.7982378005981445
DINOv3,3,frame_062.jpg,3.486980619803613,3.600130558013916
DINOv3,3,frame_066.jpg,5.384950897796343,3.6084694862365723
DINOv3,4,frame_003.jpg,2.0753427421537243,2.804652214050293
DINOv3,4,frame_004.jpg,2.3830374742514517,3.4900100231170654
DINOv3,4,frame_005.jpg,1.6951020706087179,2.730994701385498
DINOv3,4,frame_006.jpg,2.1336533588868565,2.692561149597168
DINOv3,4,frame_007.jpg,3.036766498339923,3.7041749954223633
DINOv3,4,frame_008.jpg,7.32720422802386,3.645484447479248
DINOv3,4,frame_009.jpg,2.627599706536258,3.1347146034240723
DINOv3,4,frame_010.jpg,2.0937448137932133,2.8077282905578613
DINOv3,4,frame_011.jpg,2.21998447080501,2.9113636016845703
DINOv3,4,frame_012.jpg,1.7406365008438829,2.5191190242767334
DINOv3,4,frame_013.jpg,1.9876147823659396,2.6509034633636475
DINOv3,4,frame_014.jpg,2.571067133984964,3.2420144081115723
DINOv3,4,frame_017.jpg,1.9793353777907674,2.7738566398620605
DINOv3,4,frame_019.jpg,2.2631898266209842,3.071840763092041
DINOv3,4,frame_020.jpg,2.192168298776969,3.0168368816375732
DINOv3,4,frame_021.jpg,2.697184144293734,3.578763961791992
DINOv3,4,frame_022.jpg,2.3385638222240877,3.819904088973999
DINOv3,4,frame_023.jpg,1.8555482811380575,2.873469829559326
DINOv3,4,frame_024.jpg,1.6303821347816407,2.7705681324005127
DINOv3,4,frame_025.jpg,2.7189311033468995,2.9339730739593506
DINOv3,4,frame_026.jpg,2.069935818134215,3.12995982170105
DINOv3,4,frame_027.jpg,2.0671700011565455,3.083561658859253
DINOv3,4,frame_028.jpg,2.4092126502348306,3.031096935272217
DINOv3,4,frame_029.jpg,2.9826042660060486,3.1671054363250732
DINOv3,4,frame_030.jpg,2.940428324680209,3.0552077293395996
DINOv3,4,frame_142.jpg,3.095025824800191,3.522329330444336
DINOv3,4,frame_145.jpg,2.7788056346435646,2.9203858375549316
DINOv3,4,frame_146.jpg,2.3131632854764312,2.934523105621338
DINOv3,4,frame_147.jpg,2.4705127673231813,2.8698837757110596
DINOv3,4,frame_150.jpg,2.661125956570283,3.5897200107574463
DINOv3,4,frame_152.jpg,2.6900262967386936,2.9188597202301025
DINOv3,4,frame_153.jpg,3.5512359746792264,3.049743175506592
DINOv3,4,frame_154.jpg,2.699559703021019,2.9718832969665527
DINOv3,4,frame_156.jpg,3.8649545306169455,3.084134340286255
DINOv3,4,frame_157.jpg,4.207851786400536,3.6358895301818848
DINOv3,4,frame_159.jpg,2.3837299204969593,2.904423236846924
DINOv3,4,frame_167.jpg,4.694009196476012,4.089607238769531
DINOv3,4,frame_169.jpg,3.2235021980477616,3.20473313331604
DINOv3,4,frame_170.jpg,3.1264901889147345,3.082206964492798
DINOv3,5,frame_072.jpg,3.4580976654601767,2.81502366065979
DINOv3,5,frame_073.jpg,2.8816616018269414,3.922926425933838
DINOv3,5,frame_074.jpg,2.4418314082655934,3.0813674926757812
DINOv3,5,frame_078.jpg,4.237183537837855,3.5438919067382812
DINOv3,5,frame_079.jpg,2.7595995347531876,3.052312135696411
DINOv3,5,frame_084.jpg,2.312574025971188,2.2361679077148438
DINOv3,5,frame_085.jpg,2.1400321508735427,3.5412254333496094
DINOv3,5,frame_089.jpg,2.7364937176195867,2.70680832862854
DINOv3,5,frame_090.jpg,2.87013181471527,2.9563939571380615
DINOv3,5,frame_095.jpg,2.725047074341942,2.612274646759033
DINOv3,5,frame_096.jpg,4.241112833579756,3.52600359916687
DINOv3,5,frame_098.jpg,4.681665577309928,2.605020046234131
DINOv3,5,frame_210.jpg,2.3367224522394854,2.1480231285095215
DINOv3,5,frame_211.jpg,2.6350465510389616,2.1781797409057617
DINOv3,5,frame_212.jpg,3.5166106491881832,2.3706369400024414
DINOv3,5,frame_213.jpg,3.373249994066052,2.8658266067504883
DINOv3,5,frame_214.jpg,2.6984976461701513,2.3267576694488525
DINOv3,5,frame_215.jpg,2.5835626569708126,2.349407196044922
DINOv3,5,frame_216.jpg,3.453739842276807,2.2762386798858643
DINOv3,5,frame_217.jpg,2.3124623245529605,2.2743515968322754
DINOv3,5,frame_218.jpg,3.412264021523542,2.1541249752044678
DINOv3,5,frame_219.jpg,3.267379680097654,3.0304417610168457
DINOv3,5,frame_220.jpg,3.431758596621403,2.1320223808288574
DINOv3,5,frame_221.jpg,4.782140734219345,2.8041489124298096
DINOv3,5,frame_222.jpg,4.933062403099377,2.215893507003784
DINOv3,5,frame_223.jpg,2.538091109724362,2.4755313396453857
DINOv3,5,frame_224.jpg,3.501088029566338,2.3700554370880127
DINOv3,5,frame_225.jpg,4.412115421084395,2.075334072113037
DINOv3,5,frame_226.jpg,3.034926599747103,2.3482730388641357
DINOv3,5,frame_227.jpg,2.951577431567837,2.434433698654175
DINOv3,5,frame_228.jpg,3.3555887705326937,2.3860583305358887
DINOv3,5,frame_229.jpg,2.316986506965605,2.589184284210205
DINOv3,5,frame_230.jpg,2.17849604342279,3.132211446762085
DINOv3,5,frame_231.jpg,3.3020822356882857,2.1248221397399902
DINOv3,5,frame_232.jpg,3.2006106358355093,2.3851704597473145
DINOv3,5,frame_233.jpg,3.100683798083632,2.373939275741577
DINOv3,5,frame_234.jpg,2.533889767519732,2.7009048461914062
DINOv3,5,frame_235.jpg,3.1985432898352997,2.5688748359680176
I-JEPA,1,frame_176.jpg,2.0710296330830666,2.63499116897583
I-JEPA,1,frame_178.jpg,2.9800495087840804,3.073612689971924
I-JEPA,1,frame_179.jpg,5.227184082519465,4.7768402099609375
I-JEPA,1,frame_180.jpg,3.329080217309251,3.1764156818389893
I-JEPA,1,frame_184.jpg,3.3823522645315514,3.570673704147339
I-JEPA,1,frame_185.jpg,3.395442781324201,3.669193744659424
I-JEPA,1,frame_190.jpg,2.8486480947190764,4.114412784576416
I-JEPA,1,frame_196.jpg,2.70719478759568,3.254488468170166
I-JEPA,1,frame_203.jpg,2.7159334724731745,2.9548864364624023
I-JEPA,1,frame_204.jpg,3.548437405217855,2.4994492530822754
I-JEPA,1,frame_206.jpg,2.5731777712368022,2.916996479034424
I-JEPA,1,frame_207.jpg,2.7529813539392998,3.229551315307617
I-JEPA,2,frame_104.jpg,2.7394407927062705,2.8335821628570557
I-JEPA,2,frame_105.jpg,3.6902339162473883,3.528916835784912
I-JEPA,2,frame_107.jpg,3.367392632594624,2.992086172103882
I-JEPA,2,frame_108.jpg,3.7712262175277598,4.382649898529053
I-JEPA,2,frame_109.jpg,2.5135801619978904,2.603818893432617
I-JEPA,2,frame_110.jpg,2.7501735417096214,2.7608253955841064
I-JEPA,2,frame_111.jpg,2.87769029404907,3.1130032539367676
I-JEPA,2,frame_113.jpg,2.3419326725358487,2.2889535427093506
I-JEPA,2,frame_114.jpg,3.6856713431651325,3.6758601665496826
I-JEPA,2,frame_115.jpg,2.250131622717617,2.331031560897827
I-JEPA,2,frame_116.jpg,5.192529021962337,3.1705188751220703
I-JEPA,2,frame_117.jpg,4.9941677736916725,3.8723461627960205
I-JEPA,2,frame_124.jpg,3.730399475503532,4.315455913543701
I-JEPA,2,frame_125.jpg,3.002884795279446,3.1955864429473877
I-JEPA,2,frame_126.jpg,2.738099758323021,2.266131639480591
I-JEPA,2,frame_127.jpg,3.0297153182983365,3.813537836074829
I-JEPA,2,frame_128.jpg,2.5339695383764327,2.6020758152008057
I-JEPA,2,frame_129.jpg,4.047439644189523,4.46376371383667
I-JEPA,2,frame_131.jpg,3.1091134943203307,3.0792410373687744
I-JEPA,2,frame_133.jpg,3.3672960399413876,3.6636250019073486
I-JEPA,2,frame_134.jpg,2.884709212436462,3.8921923637390137
I-JEPA,2,frame_136.jpg,4.29249881942635,4.146200656890869
I-JEPA,2,frame_138.jpg,3.1848301606263285,2.9478442668914795
I-JEPA,3,frame_033.jpg,3.385520600718238,3.2154994010925293
I-JEPA,3,frame_034.jpg,3.1001844481433727,2.8859121799468994
I-JEPA,3,frame_035.jpg,3.1523821312417204,2.9215219020843506
I-JEPA,3,frame_036.jpg,3.5999347213276747,2.854367971420288
I-JEPA,3,frame_037.jpg,4.05438749901634,3.164196252822876
I-JEPA,3,frame_039.jpg,3.95646119498792,3.3274080753326416
I-JEPA,3,frame_040.jpg,2.710132851134345,2.9760854244232178
I-JEPA,3,frame_042.jpg,4.099799623215051,4.633793830871582
I-JEPA,3,frame_043.jpg,2.8884393326508246,2.522177219390869
I-JEPA,3,frame_044.jpg,5.064702116871346,3.798142194747925
I-JEPA,3,frame_046.jpg,4.694715605955211,3.0864837169647217
I-JEPA,3,frame_051.jpg,5.217415381836662,3.9441399574279785
I-JEPA,3,frame_055.jpg,3.3536993157950983,3.0246150493621826
I-JEPA,3,frame_061.jpg,3.7012501797483,2.7061898708343506
I-JEPA,3,frame_062.jpg,3.486980619803613,3.1133382320404053
I-JEPA,3,frame_066.jpg,5.384950897796343,4.1801533699035645
I-JEPA,4,frame_003.jpg,2.0753427421537243,3.1966052055358887
I-JEPA,4,frame_004.jpg,2.3830374742514517,3.1973581314086914
I-JEPA,4,frame_005.jpg,1.6951020706087179,2.672085762023926
I-JEPA,4,frame_006.jpg,2.1336533588868565,2.859992027282715
I-JEPA,4,frame_007.jpg,3.036766498339923,3.8654062747955322
I-JEPA,4,frame_008.jpg,7.32720422802386,3.9101927280426025
I-JEPA,4,frame_009.jpg,2.627599706536258,3.3693957328796387
I-JEPA,4,frame_010.jpg,2.0937448137932133,2.9371676445007324
I-JEPA,4,frame_011.jpg,2.21998447080501,3.114912986755371
I-JEPA,4,frame_012.jpg,1.7406365008438829,2.5719499588012695
I-JEPA,4,frame_013.jpg,1.9876147823659396,2.5883607864379883
I-JEPA,4,frame_014.jpg,2.571067133984964,3.521315574645996
I-JEPA,4,frame_017.jpg,1.9793353777907674,3.3434348106384277
I-JEPA,4,frame_019.jpg,2.2631898266209842,3.3574459552764893
I-JEPA,4,frame_020.jpg,2.192168298776969,2.7019588947296143
I-JEPA,4,frame_021.jpg,2.697184144293734,2.9956841468811035
I-JEPA,4,frame_022.jpg,2.3385638222240877,2.6545181274414062
I-JEPA,4,frame_023.jpg,1.8555482811380575,2.59950590133667
I-JEPA,4,frame_024.jpg,1.6303821347816407,2.6422834396362305
I-JEPA,4,frame_025.jpg,2.7189311033468995,3.6097569465637207
I-JEPA,4,frame_026.jpg,2.069935818134215,3.2983486652374268
I-JEPA,4,frame_027.jpg,2.0671700011565455,3.10324764251709
I-JEPA,4,frame_028.jpg,2.4092126502348306,3.128572702407837
I-JEPA,4,frame_029.jpg,2.9826042660060486,3.1875734329223633
I-JEPA,4,frame_030.jpg,2.940428324680209,3.2899551391601562
I-JEPA,4,frame_142.jpg,3.095025824800191,2.7306723594665527
I-JEPA,4,frame_145.jpg,2.7788056346435646,3.0529909133911133
I-JEPA,4,frame_146.jpg,2.3131632854764312,2.542665958404541
I-JEPA,4,frame_147.jpg,2.4705127673231813,2.960783004760742
I-JEPA,4,frame_150.jpg,2.661125956570283,2.7941341400146484
I-JEPA,4,frame_152.jpg,2.6900262967386936,2.584721803665161
I-JEPA,4,frame_153.jpg,3.5512359746792264,3.387600898742676
I-JEPA,4,frame_154.jpg,2.699559703021019,2.8981149196624756
I-JEPA,4,frame_156.jpg,3.8649545306169455,4.4191060066223145
I-JEPA,4,frame_157.jpg,4.207851786400536,3.413295269012451
I-JEPA,4,frame_159.jpg,2.3837299204969593,3.099698066711426
I-JEPA,4,frame_167.jpg,4.694009196476012,4.350276470184326
I-JEPA,4,frame_169.jpg,3.2235021980477616,3.367016315460205
I-JEPA,4,frame_170.jpg,3.1264901889147345,2.659592628479004
I-JEPA,5,frame_072.jpg,3.4580976654601767,3.005902051925659
I-JEPA,5,frame_073.jpg,2.8816616018269414,3.3144354820251465
I-JEPA,5,frame_074.jpg,2.4418314082655934,3.1429898738861084
I-JEPA,5,frame_078.jpg,4.237183537837855,2.868466854095459
I-JEPA,5,frame_079.jpg,2.7595995347531876,2.6565945148468018
I-JEPA,5,frame_084.jpg,2.312574025971188,2.5598511695861816
I-JEPA,5,frame_085.jpg,2.1400321508735427,3.011279344558716
I-JEPA,5,frame_089.jpg,2.7364937176195867,2.8795952796936035
I-JEPA,5,frame_090.jpg,2.87013181471527,4.046560287475586
I-JEPA,5,frame_095.jpg,2.725047074341942,2.322295665740967
I-JEPA,5,frame_096.jpg,4.241112833579756,2.9115891456604004
I-JEPA,5,frame_098.jpg,4.681665577309928,3.254978656768799
I-JEPA,5,frame_210.jpg,2.3367224522394854,2.6988422870635986
I-JEPA,5,frame_211.jpg,2.6350465510389616,2.5965468883514404
I-JEPA,5,frame_212.jpg,3.5166106491881832,2.8367886543273926
I-JEPA,5,frame_213.jpg,3.373249994066052,2.7971460819244385
I-JEPA,5,frame_214.jpg,2.6984976461701513,2.4165685176849365
I-JEPA,5,frame_215.jpg,2.5835626569708126,2.445709705352783
I-JEPA,5,frame_216.jpg,3.453739842276807,3.2202534675598145
I-JEPA,5,frame_217.jpg,2.3124623245529605,2.671631097793579
I-JEPA,5,frame_218.jpg,3.412264021523542,2.9910106658935547
I-JEPA,5,frame_219.jpg,3.267379680097654,3.410869598388672
I-JEPA,5,frame_220.jpg,3.431758596621403,2.7068028450012207
I-JEPA,5,frame_221.jpg,4.782140734219345,3.8430981636047363
I-JEPA,5,frame_222.jpg,4.933062403099377,4.389461994171143
I-JEPA,5,frame_223.jpg,2.538091109724362,2.8635597229003906
I-JEPA,5,frame_224.jpg,3.501088029566338,3.2963032722473145
I-JEPA,5,frame_225.jpg,4.412115421084395,3.5342376232147217
I-JEPA,5,frame_226.jpg,3.034926599747103,3.0912914276123047
I-JEPA,5,frame_227.jpg,2.951577431567837,3.4174227714538574
I-JEPA,5,frame_228.jpg,3.3555887705326937,3.4842371940612793
I-JEPA,5,frame_229.jpg,2.316986506965605,2.6104421615600586
I-JEPA,5,frame_230.jpg,2.17849604342279,2.746959686279297
I-JEPA,5,frame_231.jpg,3.3020822356882857,3.223233699798584
I-JEPA,5,frame_232.jpg,3.2006106358355093,3.4214627742767334
I-JEPA,5,frame_233.jpg,3.100683798083632,3.5199766159057617
I-JEPA,5,frame_234.jpg,2.533889767519732,3.173668384552002
I-JEPA,5,frame_235.jpg,3.1985432898352997,2.9632043838500977
