Model,fold,N,MSE,MAE,R2
DINOv3,1,12,0.4205080709385261,0.4348331923265416,0.25490815526987676
DINOv3,2,23,0.9441800182264061,0.6612843795187534,-0.6168890883774614
DINOv3,3,16,0.7878820870168366,0.6318789973476444,-0.2031254685736852
DINOv3,4,39,0.8553412725218664,0.7186842570307449,0.13616478494219397
DINOv3,5,38,1.0451776184551034,0.7858984389632222,-0.9509428692107331
I-JEPA,1,12,0.33898523487037474,0.4703328069819149,0.39935722655186456
I-JEPA,2,23,0.37154246641899624,0.39568964499779274,0.36374107879322704
I-JEPA,3,16,0.6789727613411884,0.6935515895916553,-0.03681684746810321
I-JEPA,4,39,0.8032892698873139,0.7049302296239269,0.1887336885301577
I-JEPA,5,38,0.3770255738023198,0.4897687042663927,0.29623889592377695
